trait	region	prediction	n_total	n_r2	n_dentist_outlier	fraction	n_nonsyn	max_pip	max_pip_nonsyn	cs_nonsyn	cs_99_nonsyn	nonsyn_variants
AAA	chr1:108774968-109774968	Suspicious loci	9285	14	3	0.214285714285714	0	0.417112717163009	NA	FALSE	FALSE	
AAA	chr1:153955807-154955807	NA	8485	29	1	0.0344827586206897	1	0.06301833602086	0.0361607734404434	TRUE	TRUE	chr1:154454494:A:C
AAA	chr1:213735905-214735905	Suspicious loci	10226	21	5	0.238095238095238	0	0.181917176551787	NA	FALSE	FALSE	
AAA	chr10:73413343-74413343	Suspicious loci	7784	46	1	0.0217391304347826	1	0.982907119498748	0.982907119498748	TRUE	TRUE	chr10:73913343:T:C
AAA	chr10:93809648-94809648	Suspicious loci	10014	67	6	0.0895522388059701	2	0.110836774665431	0.0711524663899993	TRUE	TRUE	chr10:94298541:C:T,chr10:94306584:A:G
AAA	chr11:109873636-110873636	Non-suspicious loci	9638	2	0	0	0	0.505957411156331	NA	FALSE	FALSE	
AAA	chr11:116292991-117292991	Non-suspicious loci	11357	19	0	0	0	0.376839661727806	NA	FALSE	FALSE	
AAA	chr11:129910772-130910772	Non-suspicious loci	11354	12	0	0	0	0.227175144812755	NA	FALSE	FALSE	
AAA	chr13:21798210-22798210	Suspicious loci	11557	16	3	0.1875	0	0.211902575600618	NA	FALSE	FALSE	
AAA	chr15:60263233-61263233	Non-suspicious loci	10393	15	0	0	0	0.337151866933011	NA	FALSE	FALSE	
AAA	chr15:78056692-79056692	Suspicious loci	10881	67	3	0.0447761194029851	1	0.248665296875607	0.059740590202585	TRUE	TRUE	chr15:78590583:G:A
AAA	chr17:62191560-63191560	Non-suspicious loci	8691	9	0	0	0	0.243693412272665	NA	FALSE	FALSE	
AAA	chr18:22123294-23123294	Suspicious loci	9517	81	11	0.135802469135802	0	0.115965403301327	NA	FALSE	FALSE	
AAA	chr2:20179060-21179060	Non-suspicious loci	10789	1	0	0	0	0.949040060169708	NA	FALSE	FALSE	
AAA	chr20:12492873-13492873	Suspicious loci	11174	21	7	0.333333333333333	0	0.775696247723909	NA	FALSE	FALSE	
AAA	chr20:45427136-46427136	Suspicious loci	10221	9	1	0.111111111111111	0	0.733748974539562	NA	FALSE	FALSE	
AAA	chr4:65301177-66301177	Suspicious loci	11458	14	13	0.928571428571429	0	0.979477072596176	NA	FALSE	FALSE	
AAA	chr6:160089086-161089086	Suspicious loci	11381	7	1	0.142857142857143	0	0.337462176735199	NA	FALSE	FALSE	
AAA	chr7:39892620-40892620	NA	8393	60	9	0.15	0	0.0857367312227661	NA	FALSE	FALSE	
AAA	chr7:41066524-42066524	Suspicious loci	10222	152	151	0.993421052631579	0	0.851613787005908	NA	FALSE	FALSE	
AAA	chr8:124965736-125965736	NA	9788	25	0	0	0	0.0917791892119061	NA	FALSE	FALSE	
AAA	chr9:121155386-122155386	Suspicious loci	10295	17	6	0.352941176470588	0	0.432571187672301	NA	FALSE	FALSE	
AAA	chr9:21598620-22598620	Suspicious loci	11841	68	7	0.102941176470588	0	0.266007214622029	NA	FALSE	FALSE	
AAA	chrX:128579091-129579091	Non-suspicious loci	6068	2	0	0	0	0.826385608738446	NA	FALSE	FALSE	
Asthma	chr1:10073188-11073188	Non-suspicious loci	14200	2	0	0	0	0.1709846847021	NA	FALSE	FALSE	
Asthma	chr1:11615601-12615601	Non-suspicious loci	13745	1	0	0	1	0.999880486844636	0.999880486844636	TRUE	TRUE	chr1:12115601:G:A
Asthma	chr1:151706676-153299487	Non-suspicious loci	22674	5	0	0	0	0.744231897696821	NA	FALSE	FALSE	
Asthma	chr1:153935237-154935237	NA	11839	34	5	0.147058823529412	1	0.0837477917216366	0.0425258023283073	TRUE	TRUE	chr1:154454494:A:C
Asthma	chr1:159034264-160034264	Suspicious loci	13304	61	2	0.0327868852459016	1	0.285813274176813	0.0092457119414324	TRUE	TRUE	chr1:159440094:G:A
Asthma	chr1:160715268-161715268	Non-suspicious loci	13173	6	0	0	0	0.705582166097226	NA	FALSE	FALSE	
Asthma	chr1:166963819-167963819	Suspicious loci	13873	24	1	0.0416666666666667	0	0.157251367604667	NA	FALSE	FALSE	
Asthma	chr1:172279672-173279672	NA	12199	3	0	0	0	0.0574656921476692	NA	FALSE	FALSE	
Asthma	chr1:198132575-199132575	Suspicious loci	13242	18	2	0.111111111111111	0	0.424107019957313	NA	FALSE	FALSE	
Asthma	chr1:202633861-203633861	Suspicious loci	14176	51	5	0.0980392156862745	0	0.154691058140521	NA	FALSE	FALSE	
Asthma	chr1:226221532-227221532	Non-suspicious loci	13953	6	0	0	1	0.432552876642176	0.0657681128036941	TRUE	TRUE	chr1:226736237:A:C
Asthma	chr1:24412798-25412798	Suspicious loci	13179	13	1	0.0769230769230769	0	0.413300657621705	NA	FALSE	FALSE	
Asthma	chr1:31199894-32199894	Non-suspicious loci	13175	14	0	0	2	0.336178571160178	0.336178571160178	TRUE	TRUE	chr1:31698605:T:G,chr1:31699894:G:T
Asthma	chr1:37020309-38020309	NA	13572	113	34	0.300884955752212	1	0.0287494350017101	0.0142652904373127	TRUE	TRUE	chr1:37559502:T:C
Asthma	chr1:716593-1716593	Non-suspicious loci	15759	13	0	0	0	0.280485018338751	NA	FALSE	FALSE	
Asthma	chr1:8785727-9785727	Non-suspicious loci	15032	7	0	0	0	0.569476671818473	NA	FALSE	FALSE	
Asthma	chr10:102604086-104354694	NA	21528	38	7	0.184210526315789	0	0.0493685454303447	NA	FALSE	FALSE	
Asthma	chr10:20909727-21909727	Suspicious loci	13098	83	58	0.698795180722892	0	0.630493885104801	NA	FALSE	FALSE	
Asthma	chr10:42754252-43754252	Suspicious loci	15084	39	5	0.128205128205128	0	0.140913577900113	NA	FALSE	FALSE	
Asthma	chr10:5551176-7079811	Non-suspicious loci	26056	2	0	0	0	0.711250288114558	NA	FALSE	FALSE	
Asthma	chr10:62137156-64078544	Suspicious loci	26268	34	7	0.205882352941176	0	0.166382775972066	NA	FALSE	FALSE	
Asthma	chr10:73316205-74316205	NA	10779	51	1	0.0196078431372549	0	0.0680488585891476	NA	FALSE	FALSE	
Asthma	chr10:7973385-10014663	Suspicious loci	30066	45	29	0.644444444444445	0	0.445840708516921	NA	FALSE	FALSE	
Asthma	chr10:92169710-93169710	Suspicious loci	11810	44	6	0.136363636363636	0	0.910011573358189	NA	FALSE	FALSE	
Asthma	chr10:93779840-94779840	Suspicious loci	13320	14	2	0.142857142857143	1	0.293588147101872	0.293588147101872	TRUE	TRUE	chr10:94279840:G:C
Asthma	chr11:10167907-11167907	Non-suspicious loci	14373	32	0	0	1	0.162098139334087	0.000886511140624162	FALSE	FALSE	chr11:10634076:C:T
Asthma	chr11:116570824-117570824	NA	15143	327	39	0.119266055045872	1	0.0754880442935966	0.000211765548640296	FALSE	TRUE	chr11:117182717:C:A
Asthma	chr11:118245076-119245076	Suspicious loci	12925	163	33	0.202453987730061	0	0.187368742081255	NA	FALSE	FALSE	
Asthma	chr11:127761371-128761371	Suspicious loci	14063	26	5	0.192307692307692	0	0.218365713599396	NA	FALSE	FALSE	
Asthma	chr11:28123128-29123128	NA	12704	168	38	0.226190476190476	0	0.0612540968281799	NA	FALSE	FALSE	
Asthma	chr11:35842025-36842025	Suspicious loci	14729	19	2	0.105263157894737	0	0.204251951947552	NA	FALSE	FALSE	
Asthma	chr11:61326344-62326344	NA	12616	64	6	0.09375	0	0.0721328364577394	NA	FALSE	FALSE	
Asthma	chr11:619370-1619370	NA	17197	45	4	0.0888888888888889	0	0.078450401022329	NA	FALSE	FALSE	
Asthma	chr11:65294786-66294786	Non-suspicious loci	12646	3	0	0	0	0.480198932344593	NA	FALSE	FALSE	
Asthma	chr11:76088605-77088605	Suspicious loci	14104	18	2	0.111111111111111	0	0.401574211813128	NA	FALSE	FALSE	
Asthma	chr12:11940061-12940061	Suspicious loci	14274	80	5	0.0625	0	0.47666204563318	NA	FALSE	FALSE	
Asthma	chr12:122741280-123741280	NA	11704	239	21	0.0878661087866109	2	0.0665110156838481	0.0120883508359645	TRUE	TRUE	chr12:123261810:C:G,chr12:123321672:C:T
Asthma	chr12:14302965-15302965	Suspicious loci	13081	51	1	0.0196078431372549	0	0.44424905264702	NA	FALSE	FALSE	
Asthma	chr12:38062356-39604386	Suspicious loci	24104	37	4	0.108108108108108	0	0.2089710359698	NA	FALSE	FALSE	
Asthma	chr12:47292780-48292780	Non-suspicious loci	14563	22	0	0	0	0.246240980690865	NA	FALSE	FALSE	
Asthma	chr12:55553020-56553020	Suspicious loci	11956	50	5	0.1	1	0.21535569205988	3.69321982285019e-08	FALSE	FALSE	chr12:56083910:A:T
Asthma	chr12:56599944-57599944	Non-suspicious loci	11758	4	0	0	0	0.997433618183811	NA	FALSE	FALSE	
Asthma	chr12:70639458-71639458	Suspicious loci	13784	139	63	0.453237410071943	4	0.220043209997693	0.00163212990731057	TRUE	TRUE	chr12:71069635:A:C,chr12:71129354:A:C,chr12:71129419:TAA:T,chr12:71139754:C:G
Asthma	chr12:93714733-94714733	Suspicious loci	14223	22	1	0.0454545454545455	0	0.317644990951504	NA	FALSE	FALSE	
Asthma	chr13:39294464-40294464	Suspicious loci	14104	81	1	0.0123456790123457	0	0.216593785127116	NA	FALSE	FALSE	
Asthma	chr13:72965798-73965798	Suspicious loci	13960	2	1	0.5	0	0.935200001573552	NA	FALSE	FALSE	
Asthma	chr13:98888725-99888725	Suspicious loci	14381	72	14	0.194444444444444	0	0.269886931040698	NA	FALSE	FALSE	
Asthma	chr14:100383117-101383117	Non-suspicious loci	14593	2	0	0	1	0.918507995048812	0.918507995048812	TRUE	TRUE	chr14:100883117:G:T
Asthma	chr14:63982235-64982235	Suspicious loci	13666	88	8	0.0909090909090909	0	0.173453725370313	NA	FALSE	FALSE	
Asthma	chr14:67783210-69292744	Suspicious loci	19433	20	3	0.15	0	0.35137709420729	NA	FALSE	FALSE	
Asthma	chr14:90618043-91618043	Suspicious loci	13690	28	2	0.0714285714285714	0	0.206448027958555	NA	FALSE	FALSE	
Asthma	chr14:92049019-93990238	NA	28827	29	6	0.206896551724138	0	0.0897719642448872	NA	FALSE	FALSE	
Asthma	chr15:49165102-50165102	Suspicious loci	12638	80	5	0.0625	0	0.176275772341141	NA	FALSE	FALSE	
Asthma	chr15:60276148-61276148	Suspicious loci	14095	38	4	0.105263157894737	0	0.895689577346581	NA	FALSE	FALSE	
Asthma	chr15:66650258-67650258	Non-suspicious loci	13425	9	0	0	0	0.468963151190794	NA	FALSE	FALSE	
Asthma	chr16:10619164-11619164	Suspicious loci	18878	37	2	0.0540540540540541	0	0.566601255815904	NA	FALSE	FALSE	
Asthma	chr16:26844041-27844041	Suspicious loci	14033	32	5	0.15625	1	0.568359314458514	5.25518687660526e-07	FALSE	FALSE	chr16:27344882:A:G
Asthma	chr16:30506233-31506233	Suspicious loci	9520	123	20	0.16260162601626	5	0.19988693565024	0.0817243708179018	TRUE	TRUE	chr16:30987821:A:G,chr16:30993491:T:C,chr16:31079086:G:C,chr16:31080754:G:A,chr16:31084843:G:C
Asthma	chr16:53266065-54266065	Suspicious loci	13173	101	20	0.198019801980198	0	0.187414347347218	NA	FALSE	FALSE	
Asthma	chr17:11790126-12790126	Non-suspicious loci	14194	1	0	0	0	0.996777811947461	NA	FALSE	FALSE	
Asthma	chr17:15782786-16782786	NA	12428	254	14	0.0551181102362205	1	0.0431628549345339	0.0150323382429095	TRUE	TRUE	chr17:16070530:A:T
Asthma	chr17:1692418-2692418	NA	14905	6	0	0	0	0.0541529688789984	NA	FALSE	FALSE	
Asthma	chr17:31520318-32520318	NA	13277	324	41	0.126543209876543	0	0.0446180351402809	NA	FALSE	FALSE	
Asthma	chr17:34738360-35738360	NA	13524	46	3	0.0652173913043478	0	0.0627382274833709	NA	FALSE	FALSE	
Asthma	chr17:38857688-41106948	Suspicious loci	29849	132	34	0.257575757575758	4	0.323156167691621	0.256017880931328	TRUE	TRUE	chr17:39872381:G:T,chr17:39905943:G:A,chr17:39905964:C:T,chr17:39908216:T:C
Asthma	chr17:41774471-42774471	Suspicious loci	11234	70	32	0.457142857142857	0	0.191077720142307	NA	FALSE	FALSE	
Asthma	chr17:44759320-45759320	Non-suspicious loci	12397	9	0	0	0	0.367579795397444	NA	FALSE	FALSE	
Asthma	chr17:47295683-49890649	Suspicious loci	30878	14	5	0.357142857142857	0	0.418105960845749	NA	FALSE	FALSE	
Asthma	chr17:63983156-64983156	Non-suspicious loci	10184	3	0	0	0	0.529297713474984	NA	FALSE	FALSE	
Asthma	chr17:7378812-8378812	Suspicious loci	13827	21	6	0.285714285714286	4	0.342884265874199	0.10182282879875	TRUE	TRUE	chr17:7833162:T:A,chr17:7847118:C:T,chr17:7847820:C:A,chr17:7855204:C:T
Asthma	chr18:47447078-48447078	Suspicious loci	13843	45	2	0.0444444444444444	0	0.134606824133184	NA	FALSE	FALSE	
Asthma	chr18:62700343-63700343	Suspicious loci	12909	34	1	0.0294117647058824	0	0.186296837625626	NA	FALSE	FALSE	
Asthma	chr18:69371588-70371588	Suspicious loci	13972	63	4	0.0634920634920635	1	0.154837238197171	0.00569338001183368	TRUE	TRUE	chr18:69864406:T:C
Asthma	chr18:79303334-80303334	Suspicious loci	15593	9	2	0.222222222222222	0	0.361277720537059	NA	FALSE	FALSE	
Asthma	chr19:14130253-15130253	Suspicious loci	15511	15	1	0.0666666666666667	0	0.286237739741804	NA	FALSE	FALSE	
Asthma	chr19:2299981-3299981	Suspicious loci	17348	42	1	0.0238095238095238	0	0.173521260211213	NA	FALSE	FALSE	
Asthma	chr19:32735672-33735672	Suspicious loci	15358	3	1	0.333333333333333	0	0.557292554869576	NA	FALSE	FALSE	
Asthma	chr19:44250325-45250325	Suspicious loci	15396	20	2	0.1	0	0.820559892729015	NA	FALSE	FALSE	
Asthma	chr19:45335234-46335234	Suspicious loci	14986	52	11	0.211538461538462	3	0.136635458537733	0.136635458537733	TRUE	TRUE	chr19:45759028:C:A,chr19:45765644:C:T,chr19:45835234:G:A
Asthma	chr19:49013502-50013502	Non-suspicious loci	15328	7	0	0	0	0.776439744674945	NA	FALSE	FALSE	
Asthma	chr19:51311626-52311626	Non-suspicious loci	15875	12	0	0	0	0.219242487362896	NA	FALSE	FALSE	
Asthma	chr19:523055-1523055	Non-suspicious loci	18565	4	0	0	0	0.363894178555119	NA	FALSE	FALSE	
Asthma	chr19:55722056-56722056	Non-suspicious loci	17058	1	0	0	1	0.920803748591627	0.920803748591627	TRUE	TRUE	chr19:56222056:C:A
Asthma	chr19:6097951-7097951	Non-suspicious loci	15723	9	0	0	0	0.581304816467457	NA	FALSE	FALSE	
Asthma	chr19:8518984-9518984	Suspicious loci	14489	10	3	0.3	0	0.3751712404533	NA	FALSE	FALSE	
Asthma	chr2:101293528-102815152	Suspicious loci	22383	128	59	0.4609375	0	0.266498726589203	NA	FALSE	FALSE	
Asthma	chr2:110650990-111650990	Suspicious loci	10626	30	3	0.1	0	0.16568338714152	NA	FALSE	FALSE	
Asthma	chr2:142530652-143530652	Non-suspicious loci	13189	4	0	0	0	0.835346358063787	NA	FALSE	FALSE	
Asthma	chr2:15249295-16249295	Non-suspicious loci	14634	2	0	0	0	0.794976233710127	NA	FALSE	FALSE	
Asthma	chr2:203217900-204217900	Suspicious loci	12123	24	10	0.416666666666667	0	0.499275309401201	NA	FALSE	FALSE	
Asthma	chr2:227341941-229159922	Suspicious loci	26746	25	1	0.04	0	0.187484597402291	NA	FALSE	FALSE	
Asthma	chr2:241259225-242193529	Non-suspicious loci	13107	10	0	0	1	0.999999987321132	1.51287224456508e-16	FALSE	FALSE	chr2:241751260:G:A
Asthma	chr2:24220697-25220697	Suspicious loci	12087	82	17	0.207317073170732	0	0.258251870744889	NA	FALSE	FALSE	
Asthma	chr2:62901409-63901409	Suspicious loci	10129	397	24	0.0604534005037783	0	0.104217411622513	NA	FALSE	FALSE	
Asthma	chr2:71327707-72327707	Non-suspicious loci	14026	1	0	0	0	0.974470675777281	NA	FALSE	FALSE	
Asthma	chr2:7802118-8802118	Suspicious loci	13647	27	1	0.037037037037037	0	0.401753108225945	NA	FALSE	FALSE	
Asthma	chr20:20619687-21619687	Suspicious loci	12497	149	8	0.0536912751677852	2	0.14120992109778	0.00165410833717435	TRUE	TRUE	chr20:21161882:C:G,chr20:21162172:T:C
Asthma	chr20:31874383-32874383	NA	11846	100	16	0.16	0	0.0759863033638773	NA	FALSE	FALSE	
Asthma	chr20:63200637-64200637	Suspicious loci	16483	130	17	0.130769230769231	1	0.101008776565246	0.0289271082608212	TRUE	TRUE	chr20:63694757:A:C
Asthma	chr21:34823611-35823611	Suspicious loci	13866	6	1	0.166666666666667	0	0.5737626864252	NA	FALSE	FALSE	
Asthma	chr22:36648446-38617108	Suspicious loci	28151	88	52	0.590909090909091	0	0.935016706650315	NA	FALSE	FALSE	
Asthma	chr22:40888558-41888558	NA	12411	482	10	0.020746887966805	1	0.0642716526328468	0.00319602341762474	TRUE	TRUE	chr22:41743074:A:G
Asthma	chr3:101023907-102023907	Suspicious loci	12634	84	3	0.0357142857142857	1	0.134487217552032	0.00262049179203298	TRUE	TRUE	chr3:101347873:T:A
Asthma	chr3:11809807-12809807	Suspicious loci	14406	28	6	0.214285714285714	0	0.153413521343338	NA	FALSE	FALSE	
Asthma	chr3:127778586-128778586	NA	13320	245	114	0.46530612244898	0	0.033629998244941	NA	FALSE	FALSE	
Asthma	chr3:141895414-142895414	NA	12932	157	21	0.133757961783439	2	0.0546069915232362	0.0107508627419163	TRUE	TRUE	chr3:142359917:C:T,chr3:142459302:C:T
Asthma	chr3:168930632-169930632	Suspicious loci	13635	26	3	0.115384615384615	0	0.116687948045161	NA	FALSE	FALSE	
Asthma	chr3:176634250-177634250	Non-suspicious loci	14378	11	0	0	0	0.730386323267846	NA	FALSE	FALSE	
Asthma	chr3:18160271-19160271	NA	12961	37	3	0.0810810810810811	0	0.0674351003565344	NA	FALSE	FALSE	
Asthma	chr3:187418378-189224692	Suspicious loci	24012	48	6	0.125	0	0.420527792383291	NA	FALSE	FALSE	
Asthma	chr3:193331619-194331619	Suspicious loci	14620	34	6	0.176470588235294	0	0.140868378673153	NA	FALSE	FALSE	
Asthma	chr3:195527293-197133472	Suspicious loci	24345	2	1	0.5	0	0.348519023531187	NA	FALSE	FALSE	
Asthma	chr3:20092945-21092945	Suspicious loci	15229	41	2	0.0487804878048781	0	0.251110613664519	NA	FALSE	FALSE	
Asthma	chr3:32506170-33506170	Non-suspicious loci	14407	1	0	0	0	0.99969945399063	NA	FALSE	FALSE	
Asthma	chr3:49458620-50458620	Suspicious loci	9688	191	12	0.0628272251308901	2	0.147604502931363	0.000803557992003368	FALSE	TRUE	chr3:49887507:T:C,chr3:49898669:T:C
Asthma	chr3:50687832-51687832	NA	9139	794	106	0.133501259445844	0	0.0730480002919079	NA	FALSE	FALSE	
Asthma	chr3:57341127-58341127	NA	13129	26	10	0.384615384615385	0	0.0499939251718179	NA	FALSE	FALSE	
Asthma	chr3:64623240-65623240	Suspicious loci	16401	17	15	0.882352941176471	0	0.786150383968368	NA	FALSE	FALSE	
Asthma	chr3:93736474-94736474	Non-suspicious loci	12532	3	0	0	0	0.475150418942491	NA	FALSE	FALSE	
Asthma	chr4:101767552-102767552	Non-suspicious loci	13305	5	0	0	1	0.947196626361869	0.947196626361869	TRUE	TRUE	chr4:102267552:C:T
Asthma	chr4:105397896-106397896	Non-suspicious loci	12882	2	0	0	1	0.999822828992501	0.999822828992501	TRUE	TRUE	chr4:105897896:G:A
Asthma	chr4:121646653-123156510	Suspicious loci	19866	47	8	0.170212765957447	0	0.120707774321234	NA	FALSE	FALSE	
Asthma	chr4:144052044-145052044	Suspicious loci	12485	70	11	0.157142857142857	0	0.159363165313103	NA	FALSE	FALSE	
Asthma	chr4:38297027-39297027	Suspicious loci	14242	4	2	0.5	1	0.999986948775894	0.999986948775894	TRUE	TRUE	chr4:38797027:C:A
Asthma	chr4:74235686-75235686	NA	13808	57	23	0.403508771929825	2	0.0653334833262114	0.0106527691119608	TRUE	TRUE	chr4:74748153:G:A,chr4:74750631:A:T
Asthma	chr5:109979214-111566174	Non-suspicious loci	25778	1	0	0	0	1	NA	FALSE	FALSE	
Asthma	chr5:118855086-119855086	Suspicious loci	15889	20	1	0.05	0	0.371189854568359	NA	FALSE	FALSE	
Asthma	chr5:130224057-133160151	Non-suspicious loci	38975	5	0	0	1	0.558173170066071	0.12565385904416	TRUE	TRUE	chr5:132660272:A:G
Asthma	chr5:14110200-15110200	Non-suspicious loci	13793	5	0	0	1	0.997956803961585	0.997956803961585	TRUE	TRUE	chr5:14610200:C:G
Asthma	chr5:141615574-142615574	NA	13948	91	17	0.186813186813187	0	0.0896194249360153	NA	FALSE	FALSE	
Asthma	chr5:147911297-148911297	Non-suspicious loci	13844	2	0	0	0	0.75715645459066	NA	FALSE	FALSE	
Asthma	chr5:176716150-177716150	Suspicious loci	12421	14	5	0.357142857142857	0	0.312900624974347	NA	FALSE	FALSE	
Asthma	chr5:34453064-36346713	Non-suspicious loci	27923	28	0	0	1	0.215913053581538	0.000498214903047618	FALSE	FALSE	chr5:35874473:C:T
Asthma	chr5:43935901-44935901	NA	13833	68	7	0.102941176470588	0	0.0662871085832536	NA	FALSE	FALSE	
Asthma	chr5:72020007-73020007	Suspicious loci	12056	211	17	0.0805687203791469	0	0.190532631677477	NA	FALSE	FALSE	
Asthma	chr6:105734115-106734115	Suspicious loci	14127	43	13	0.302325581395349	0	0.143783202659626	NA	FALSE	FALSE	
Asthma	chr6:11478591-12478591	NA	14237	142	34	0.23943661971831	0	0.0316093590188002	NA	FALSE	FALSE	
Asthma	chr6:127472417-128472417	Non-suspicious loci	12169	10	0	0	0	0.293770007140969	NA	FALSE	FALSE	
Asthma	chr6:134888622-135888622	Suspicious loci	13014	112	13	0.116071428571429	0	0.120105796394328	NA	FALSE	FALSE	
Asthma	chr6:137344553-138344553	Suspicious loci	14345	42	6	0.142857142857143	1	0.340440663811943	0.000189556160347213	FALSE	FALSE	chr6:137874929:T:G
Asthma	chr6:141702111-142702111	Suspicious loci	14134	40	1	0.025	0	0.378627920218773	NA	FALSE	FALSE	
Asthma	chr6:148960325-149960325	NA	14102	94	57	0.606382978723404	0	0.0885990452872016	NA	FALSE	FALSE	
Asthma	chr6:166540609-167540609	Suspicious loci	16640	16	1	0.0625	0	0.181988556511051	NA	FALSE	FALSE	
Asthma	chr6:19343536-20343536	Suspicious loci	15097	5	3	0.6	0	0.603823710129587	NA	FALSE	FALSE	
Asthma	chr6:22016253-23016253	Suspicious loci	14965	34	16	0.470588235294118	0	0.427544445416249	NA	FALSE	FALSE	
Asthma	chr6:34698380-35698380	Suspicious loci	13511	145	11	0.0758620689655172	1	0.105941834078874	3.29617276049996e-08	FALSE	FALSE	chr6:35317943:A:C
Asthma	chr6:42661939-43661939	Suspicious loci	12242	28	5	0.178571428571429	0	0.140049947885583	NA	FALSE	FALSE	
Asthma	chr6:63085217-64085217	Non-suspicious loci	13479	42	0	0	0	0.350510851346233	NA	FALSE	FALSE	
Asthma	chr6:89738757-90738757	Suspicious loci	12729	77	17	0.220779220779221	0	0.126799076733248	NA	FALSE	FALSE	
Asthma	chr7:105518481-106518481	Suspicious loci	13679	12	1	0.0833333333333333	1	0.718654983651261	0.231939045139548	TRUE	TRUE	chr7:106018005:G:A
Asthma	chr7:1550418-2550418	Suspicious loci	18869	54	8	0.148148148148148	0	0.17749658244408	NA	FALSE	FALSE	
Asthma	chr7:20021373-21021373	Suspicious loci	15330	81	3	0.037037037037037	0	0.655784110606895	NA	FALSE	FALSE	
Asthma	chr7:22226602-23226602	Suspicious loci	14694	60	2	0.0333333333333333	0	0.184436219214447	NA	FALSE	FALSE	
Asthma	chr7:2627231-3627231	Non-suspicious loci	21319	2	0	0	0	0.241132642700675	NA	FALSE	FALSE	
Asthma	chr7:27640937-28640937	Suspicious loci	14439	18	4	0.222222222222222	0	0.584269451520714	NA	FALSE	FALSE	
Asthma	chr7:4235876-5235876	Suspicious loci	19899	24	2	0.0833333333333333	0	0.462355626743063	NA	FALSE	FALSE	
Asthma	chr7:424758-1424758	Non-suspicious loci	19461	5	0	0	0	0.338084435837927	NA	FALSE	FALSE	
Asthma	chr7:49796955-50796955	Suspicious loci	13686	19	1	0.0526315789473684	0	0.402476192361388	NA	FALSE	FALSE	
Asthma	chr8:10433015-12064982	NA	32562	70	9	0.128571428571429	0	0.0963403951603433	NA	FALSE	FALSE	
Asthma	chr8:107899425-108899425	NA	13658	359	26	0.0724233983286908	0	0.0565404106836846	NA	FALSE	FALSE	
Asthma	chr8:127265473-128887486	Suspicious loci	24916	51	4	0.0784313725490196	0	0.404838334184022	NA	FALSE	FALSE	
Asthma	chr8:69990593-70990593	Suspicious loci	12719	36	8	0.222222222222222	0	0.118531910779934	NA	FALSE	FALSE	
Asthma	chr8:73151778-74151778	Suspicious loci	14447	15	2	0.133333333333333	0	0.222643749033351	NA	FALSE	FALSE	
Asthma	chr8:7927140-8927140	NA	14004	47	0	0	0	0.0606761226028817	NA	FALSE	FALSE	
Asthma	chr8:79877390-80877390	Suspicious loci	12990	118	17	0.14406779661017	0	0.211397481688364	NA	FALSE	FALSE	
Asthma	chr9:114381082-115381082	Suspicious loci	14677	16	1	0.0625	0	0.725824973040584	NA	FALSE	FALSE	
Asthma	chr9:123827496-124827496	Suspicious loci	13885	80	8	0.1	1	0.173530546954593	1.85039095523915e-05	FALSE	FALSE	chr9:124414882:A:G
Asthma	chr9:125214083-126214083	Non-suspicious loci	13835	66	0	0	0	0.160092053450739	NA	FALSE	FALSE	
Asthma	chr9:128221272-129221272	Non-suspicious loci	13120	6	0	0	1	0.978620480172255	0.978620480172255	TRUE	TRUE	chr9:128721272:T:A
Asthma	chr9:137277805-138277805	Non-suspicious loci	13261	2	0	0	0	0.871577218506202	NA	FALSE	FALSE	
Asthma	chr9:23084703-24084703	Suspicious loci	16785	28	1	0.0357142857142857	0	0.212851165197579	NA	FALSE	FALSE	
Asthma	chr9:34144524-35144524	Suspicious loci	12435	48	2	0.0416666666666667	1	0.127427183617124	0.0437462542448477	TRUE	TRUE	chr9:34622392:A:C
Asthma	chr9:3629917-7270078	Non-suspicious loci	67422	18	0	0	0	0.998251287321446	NA	FALSE	FALSE	
Asthma	chr9:7795684-8795684	Suspicious loci	19543	75	4	0.0533333333333333	0	0.219394819088005	NA	FALSE	FALSE	
Asthma	chr9:89113644-90113644	Non-suspicious loci	14640	33	0	0	0	0.176462656254553	NA	FALSE	FALSE	
Asthma	chr9:98570905-99570905	Suspicious loci	12965	50	8	0.16	0	0.101764932930852	NA	FALSE	FALSE	
Asthma	chrX:12505622-13505622	Suspicious loci	7168	7	1	0.142857142857143	0	0.521608509424907	NA	FALSE	FALSE	
Asthma	chrX:153869716-154869716	Suspicious loci	4500	4	1	0.25	0	0.538333306847456	NA	FALSE	FALSE	
Asthma	chrX:21051802-22051802	Non-suspicious loci	6045	4	0	0	0	0.778837336147077	NA	FALSE	FALSE	
Asthma	chrX:49104160-50104160	Suspicious loci	3454	9	3	0.333333333333333	0	0.714088806201446	NA	FALSE	FALSE	
Asthma	chrX:78005370-79005370	Suspicious loci	7490	256	14	0.0546875	1	0.106993597447409	0.000310740806028608	FALSE	TRUE	chrX:78519790:C:CT
AcApp	chr1:220379460-221379460	Non-suspicious loci	9666	5	0	0	0	0.690546866691954	NA	FALSE	FALSE	
AcApp	chr10:99023632-100023632	Suspicious loci	9148	58	4	0.0689655172413793	0	0.111891887816968	NA	FALSE	FALSE	
AcApp	chr12:5884185-6884185	Non-suspicious loci	10796	13	0	0	0	0.848923648245825	NA	FALSE	FALSE	
AcApp	chr13:50041161-51041161	Suspicious loci	8937	100	16	0.16	0	0.118345591369312	NA	FALSE	FALSE	
AcApp	chr16:85654405-86654405	Non-suspicious loci	15234	6	0	0	0	0.305443966107455	NA	FALSE	FALSE	
AcApp	chr2:18803005-19803005	NA	10192	112	18	0.160714285714286	0	0.0301298917848299	NA	FALSE	FALSE	
AcApp	chr4:110310780-111310780	Non-suspicious loci	9367	9	0	0	0	0.244008084992593	NA	FALSE	FALSE	
AcApp	chr4:111404784-112404784	Suspicious loci	8594	51	3	0.0588235294117647	0	0.43956640551028	NA	FALSE	FALSE	
AcApp	chr4:65301177-66301177	Suspicious loci	10825	13	12	0.923076923076923	0	0.999989795815578	NA	FALSE	FALSE	
AcApp	chr8:101228366-102228366	Suspicious loci	10271	66	1	0.0151515151515152	0	0.422684484993382	NA	FALSE	FALSE	
Appendectomy	chr13:50091358-51091358	NA	5241	45	1	0.0222222222222222	0	0.047153051915305	NA	FALSE	FALSE	
Appendectomy	chr16:85657858-86657858	Non-suspicious loci	9031	3	0	0	0	0.569558505635975	NA	FALSE	FALSE	
Appendectomy	chr2:215187384-216187384	Non-suspicious loci	5722	2	0	0	0	0.944459835714465	NA	FALSE	FALSE	
Appendectomy	chr4:110299663-111299663	Non-suspicious loci	5004	9	0	0	0	0.230224468357354	NA	FALSE	FALSE	
Appendectomy	chr4:111404289-112404289	Suspicious loci	4994	49	2	0.0408163265306122	0	0.380686835517228	NA	FALSE	FALSE	
COPD	chr1:149434520-150434520	Suspicious loci	6383	4	1	0.25	1	0.579952683152151	0.579952683152151	TRUE	TRUE	chr1:149934520:T:C
COPD	chr1:161030340-162030340	Suspicious loci	11142	8	3	0.375	1	0.949258045923626	6.15705881443825e-09	FALSE	FALSE	chr1:161544752:A:C
COPD	chr1:217842968-218842968	Suspicious loci	13331	14	2	0.142857142857143	0	0.411688533716259	NA	FALSE	FALSE	
COPD	chr10:8507290-9507290	Suspicious loci	13309	7	4	0.571428571428571	0	0.747901679110787	NA	FALSE	FALSE	
COPD	chr11:76059639-77059639	Non-suspicious loci	12787	6	0	0	0	0.308462859361972	NA	FALSE	FALSE	
COPD	chr12:110780427-113003550	NA	21482	410	120	0.292682926829268	5	0.0384492655665507	0.0019668683264133	TRUE	TRUE	chr12:111692904:A:G,chr12:112022391:G:T,chr12:112039251:T:C,chr12:112167807:T:C,chr12:112313009:T:C
COPD	chr12:67223961-68223961	Suspicious loci	12428	9	1	0.111111111111111	0	0.21164250303958	NA	FALSE	FALSE	
COPD	chr14:93878610-94878610	Non-suspicious loci	14776	2	0	0	1	0.940503289321591	0.940503289321591	TRUE	TRUE	chr14:94378610:C:T
COPD	chr15:48851432-49851432	Suspicious loci	11055	70	6	0.0857142857142857	0	0.273482195524525	NA	FALSE	FALSE	
COPD	chr15:66683150-67683150	NA	12168	129	1	0.00775193798449612	0	0.0373310518725996	NA	FALSE	FALSE	
COPD	chr15:70880414-71880414	NA	11924	49	7	0.142857142857143	0	0.0909476439245536	NA	FALSE	FALSE	
COPD	chr15:77400910-79118839	Suspicious loci	23775	17	6	0.352941176470588	0	0.997733343091951	NA	FALSE	FALSE	
COPD	chr16:12057017-13057017	Non-suspicious loci	20941	4	0	0	0	0.394910381756929	NA	FALSE	FALSE	
COPD	chr16:30514320-31514320	Suspicious loci	8736	69	11	0.159420289855072	1	0.396852922787953	0.00616213834542032	TRUE	TRUE	chr16:31077304:A:G
COPD	chr17:39417715-40417715	Suspicious loci	10846	131	13	0.099236641221374	4	0.199214874070477	0.0267706900259707	TRUE	TRUE	chr17:39872381:G:T,chr17:39905943:G:A,chr17:39905964:C:T,chr17:39908216:T:C
COPD	chr18:37080180-38080180	Non-suspicious loci	11880	37	0	0	0	0.223435232038195	NA	FALSE	FALSE	
COPD	chr19:40343592-41343592	Non-suspicious loci	13204	0	0	0	0	0.878968074896789	NA	FALSE	FALSE	
COPD	chr19:44408684-45408684	Non-suspicious loci	14222	7	0	0	1	0.948450733243766	0.948450733243766	TRUE	TRUE	chr19:44908684:T:C
COPD	chr19:53779666-54779666	Suspicious loci	16070	14	1	0.0714285714285714	2	0.585660500743774	0.306617824953753	TRUE	TRUE	chr19:54279064:T:C,chr19:54280275:C:T
COPD	chr2:101866787-102866787	NA	13272	41	36	0.878048780487805	0	0.0420872840797946	NA	FALSE	FALSE	
COPD	chr2:144787492-145787492	Non-suspicious loci	11505	3	0	0	0	0.823994073955969	NA	FALSE	FALSE	
COPD	chr2:228188181-229188181	NA	12910	35	1	0.0285714285714286	0	0.095709842435217	NA	FALSE	FALSE	
COPD	chr2:55339380-56339380	Non-suspicious loci	13898	1	0	0	0	0.998366350745262	NA	FALSE	FALSE	
COPD	chr20:62852965-63852965	Suspicious loci	16093	15	5	0.333333333333333	0	0.999767120944358	NA	FALSE	FALSE	
COPD	chr3:168492055-169492055	Suspicious loci	11659	20	1	0.05	0	0.873027437324212	NA	FALSE	FALSE	
COPD	chr3:24979091-25979091	Suspicious loci	14903	13	2	0.153846153846154	0	0.52068550944027	NA	FALSE	FALSE	
COPD	chr3:49340962-50340962	NA	8927	99	11	0.111111111111111	1	0.0559494056897954	0.00640764692618842	TRUE	TRUE	chr3:49810981:C:T
COPD	chr4:105397896-106397896	Non-suspicious loci	11940	2	0	0	1	0.992904873074157	0.992904873074157	TRUE	TRUE	chr4:105897896:G:A
COPD	chr4:110950477-111950477	Non-suspicious loci	11982	11	0	0	0	0.319802257032277	NA	FALSE	FALSE	
COPD	chr4:139462100-140462100	NA	11704	76	8	0.105263157894737	0	0.0747677640004395	NA	FALSE	FALSE	
COPD	chr4:144085304-145085304	NA	11068	61	2	0.0327868852459016	0	0.0783936382068825	NA	FALSE	FALSE	
COPD	chr4:66444813-67444813	Suspicious loci	13403	5	1	0.2	0	0.27655639512966	NA	FALSE	FALSE	
COPD	chr4:7369528-8369528	NA	18650	64	6	0.09375	0	0.0683579904043902	NA	FALSE	FALSE	
COPD	chr4:88443295-89443295	Suspicious loci	11728	57	9	0.157894736842105	0	0.157976068381029	NA	FALSE	FALSE	
COPD	chr5:131973613-132973613	Suspicious loci	11844	19	4	0.210526315789474	0	0.246433141884143	NA	FALSE	FALSE	
COPD	chr5:147975701-148975701	Suspicious loci	12778	31	3	0.0967741935483871	0	0.225192609438981	NA	FALSE	FALSE	
COPD	chr5:43915290-44915290	Suspicious loci	12735	41	4	0.0975609756097561	0	0.133000303272214	NA	FALSE	FALSE	
COPD	chr6:141735574-142735574	Suspicious loci	12991	12	4	0.333333333333333	0	0.15159871722848	NA	FALSE	FALSE	
COPD	chr6:164451975-165451975	Suspicious loci	14104	27	4	0.148148148148148	0	0.256928390754373	NA	FALSE	FALSE	
COPD	chr7:116769518-117769518	Suspicious loci	9788	2	1	0.5	0	0.999999981244443	NA	FALSE	FALSE	
COPD	chr7:99721381-100721381	Suspicious loci	10385	98	59	0.602040816326531	3	0.258580304876497	0.0760278046193201	TRUE	TRUE	chr7:100218649:A:G,chr7:100220236:A:G,chr7:100374211:A:G
COPD	chr8:10355435-11355435	NA	17932	64	0	0	0	0.0941638234311366	NA	FALSE	FALSE	
COPD	chr8:27084610-28084610	Non-suspicious loci	14137	11	0	0	0	0.204281844425495	NA	FALSE	FALSE	
COPD	chr9:125386799-126386799	Suspicious loci	12528	117	8	0.0683760683760684	0	0.32227171689486	NA	FALSE	FALSE	
COPD	chr9:133113233-134113233	Suspicious loci	16426	17	1	0.0588235294117647	0	0.239948692951783	NA	FALSE	FALSE	
Gout	chr1:145209377-146209377	Suspicious loci	3995	6	1	0.166666666666667	0	0.734872469826554	NA	FALSE	FALSE	
Gout	chr1:15086653-16086653	Suspicious loci	15095	87	60	0.689655172413793	2	0.528044757069659	9.62631373740941e-06	FALSE	FALSE	chr1:15482272:G:A,chr1:15482377:G:A
Gout	chr1:154685239-156252715	Suspicious loci	17200	35	28	0.8	0	0.867066768038294	NA	FALSE	FALSE	
Gout	chr1:234311357-235311357	Non-suspicious loci	12920	1	0	0	0	0.995533878631903	NA	FALSE	FALSE	
Gout	chr1:26195422-27195422	Suspicious loci	11037	8	2	0.25	0	0.593395658830732	NA	FALSE	FALSE	
Gout	chr10:117222792-118222792	Non-suspicious loci	12513	3	0	0	0	0.630515444993189	NA	FALSE	FALSE	
Gout	chr10:124215572-125215572	Suspicious loci	15570	56	4	0.0714285714285714	0	0.425233624481705	NA	FALSE	FALSE	
Gout	chr10:50385664-51385664	Suspicious loci	12949	13	3	0.230769230769231	0	0.357729582490204	NA	FALSE	FALSE	
Gout	chr10:58015168-59015168	NA	12875	345	105	0.304347826086957	0	0.0434349491906735	NA	FALSE	FALSE	
Gout	chr10:59209780-60209780	Suspicious loci	13354	10	1	0.1	0	0.320975176876991	NA	FALSE	FALSE	
Gout	chr10:86684574-87684574	Suspicious loci	11446	19	8	0.421052631578947	0	0.108106483274115	NA	FALSE	FALSE	
Gout	chr11:30227543-31227543	Non-suspicious loci	11896	4	0	0	0	0.963787557417827	NA	FALSE	FALSE	
Gout	chr11:62445675-67275920	Non-suspicious loci	60772	0	0	0	0	0.999802661614247	NA	FALSE	FALSE	
Gout	chr12:109745422-110745422	Suspicious loci	10828	5	3	0.6	0	0.975213186738961	NA	FALSE	FALSE	
Gout	chr12:110780427-113427816	Suspicious loci	28903	22	7	0.318181818181818	1	0.53020930149514	0.311436095186034	TRUE	TRUE	chr12:111803962:G:A
Gout	chr12:41888529-42888529	NA	15012	163	33	0.202453987730061	0	0.0621455972816016	NA	FALSE	FALSE	
Gout	chr12:56949928-57949928	Suspicious loci	11645	35	7	0.2	1	0.453801197574617	0.453801197574617	TRUE	TRUE	chr12:57449928:G:A
Gout	chr14:101638013-102638013	Non-suspicious loci	13917	52	0	0	0	0.560043961130655	NA	FALSE	FALSE	
Gout	chr15:75402197-76402197	Suspicious loci	12418	30	18	0.6	1	0.464544697229114	0.000636544856472585	FALSE	FALSE	chr15:75843853:C:T
Gout	chr15:98229846-99229846	Suspicious loci	16437	63	1	0.0158730158730159	0	0.157942731840512	NA	FALSE	FALSE	
Gout	chr16:69041335-70041335	Suspicious loci	11908	38	2	0.0526315789473684	0	0.997181086061781	NA	FALSE	FALSE	
Gout	chr16:79213723-80213723	Suspicious loci	21642	90	10	0.111111111111111	0	0.13093871188797	NA	FALSE	FALSE	
Gout	chr17:60879228-61879228	Suspicious loci	10543	9	2	0.222222222222222	0	0.999999892643059	NA	FALSE	FALSE	
Gout	chr18:59696236-60696236	Suspicious loci	15221	120	12	0.1	0	0.117921759401785	NA	FALSE	FALSE	
Gout	chr19:48354643-50493501	Suspicious loci	32210	2	1	0.5	1	0.999999999768605	7.70025929407214e-11	FALSE	FALSE	chr19:49465749:C:G
Gout	chr2:168655689-169655689	Suspicious loci	14241	15	1	0.0666666666666667	1	0.723566560019588	0.046968870894138	TRUE	TRUE	chr2:169154475:T:C
Gout	chr2:175910209-176910209	Suspicious loci	13182	46	24	0.521739130434783	0	0.250382659049171	NA	FALSE	FALSE	
Gout	chr2:181681098-182681098	Suspicious loci	13314	14	3	0.214285714285714	0	0.220994691666313	NA	FALSE	FALSE	
Gout	chr2:202083152-203083152	Suspicious loci	10812	200	30	0.15	0	0.149658325538868	NA	FALSE	FALSE	
Gout	chr2:27008073-28008073	Suspicious loci	10848	17	4	0.235294117647059	1	0.999986701660138	0.999986701660138	TRUE	TRUE	chr2:27508073:T:C
Gout	chr2:69093876-70093876	Suspicious loci	13851	12	1	0.0833333333333333	0	0.473257323393943	NA	FALSE	FALSE	
Gout	chr20:43929456-44929456	Non-suspicious loci	13600	20	0	0	0	0.376174651135915	NA	FALSE	FALSE	
Gout	chr20:58396988-59396988	Suspicious loci	13361	22	1	0.0454545454545455	0	0.266869352236244	NA	FALSE	FALSE	
Gout	chr22:43428975-44428975	Suspicious loci	15642	67	2	0.0298507462686567	2	0.592650717196971	0.36669937616506	TRUE	TRUE	chr22:43928847:C:G,chr22:43972242:A:G
Gout	chr3:52528645-53528645	Suspicious loci	12691	71	21	0.295774647887324	0	0.426368769426757	NA	FALSE	FALSE	
Gout	chr3:85193566-86193566	Non-suspicious loci	14601	1	0	0	0	0.980990260652853	NA	FALSE	FALSE	
Gout	chr4:142633399-143633399	Suspicious loci	12275	327	83	0.253822629969419	0	0.340539857707265	NA	FALSE	FALSE	
Gout	chr4:145296402-146296402	Suspicious loci	13369	22	1	0.0454545454545455	0	0.390179516726916	NA	FALSE	FALSE	
Gout	chr4:86030730-89296402	Suspicious loci	43884	16	7	0.4375	1	0.999660131982941	0.999660131982941	TRUE	TRUE	chr4:88131171:G:T
Gout	chr4:8989561-11008075	Suspicious loci	37159	41	26	0.634146341463415	0	0.993936699585822	NA	FALSE	FALSE	
Gout	chr5:176801457-177801457	Suspicious loci	11563	55	3	0.0545454545454545	1	0.642297904757696	0.000508856979013218	FALSE	TRUE	chr5:177210239:G:T
Gout	chr5:72630310-73630310	Non-suspicious loci	12749	11	0	0	0	0.779086392286263	NA	FALSE	FALSE	
Gout	chr6:42802413-43802413	Suspicious loci	12488	53	7	0.132075471698113	2	0.344889346762731	0.344889346762731	TRUE	TRUE	chr6:43302413:C:T,chr6:43305866:A:G
Gout	chr6:54043445-55608963	Non-suspicious loci	25354	2	0	0	0	0.980156886168759	NA	FALSE	FALSE	
Gout	chr6:6585279-7585279	Suspicious loci	16815	43	3	0.0697674418604651	0	0.236106370671862	NA	FALSE	FALSE	
Gout	chr7:150486933-151486933	Non-suspicious loci	15858	1	0	0	0	0.996473140731461	NA	FALSE	FALSE	
Gout	chr7:73108416-74108416	Suspicious loci	9977	98	11	0.112244897959184	3	0.104830065933971	0.0890492094208595	TRUE	TRUE	chr7:73442719:A:G,chr7:73597712:G:A,chr7:73606007:C:G
Gout	chr7:747276-1747276	Non-suspicious loci	19274	8	0	0	0	0.414643994033514	NA	FALSE	FALSE	
Gout	chr8:23427505-24427505	Non-suspicious loci	14850	34	0	0	0	0.219530199960908	NA	FALSE	FALSE	
Gout	chr8:75066435-76066435	NA	14812	211	11	0.052132701421801	3	0.0581796761701154	0.00288156012635469	TRUE	TRUE	chr8:75540078:G:A,chr8:75556047:G:A,chr8:75556074:GTT:G
Gout	chrX:153132806-154132806	Suspicious loci	7109	3	1	0.333333333333333	0	0.950606451328946	NA	FALSE	FALSE	
HCM	chr11:45839069-46839069	NA	6629	4	0	0	0	0.002497439843747	NA	FALSE	FALSE	
HCM	chr11:46908433-50034729	NA	26576	429	8	0.0186480186480186	1	0.0030318981241986	5.21019405697531e-05	TRUE	TRUE	chr11:49836880:T:A
HCM	chr11:54303379-58374333	NA	42699	408	90	0.220588235294118	7	0.00116874064310161	7.33392410619549e-05	TRUE	TRUE	chr11:55279883:G:T,chr11:55555162:C:T,chr11:55638546:C:G,chr11:55651217:T:C,chr11:55795860:A:T,chr11:55872879:C:CGGGCGCCTTGCTGAGGCGGATCCG,chr11:56123256:G:A
HCM	chr21:23134333-24134333	NA	12666	1	0	0	0	0.00691619363411285	NA	FALSE	FALSE	
HCM	chr6:113483372-114483372	Suspicious loci	8684	20	9	0.45	0	0.567407113483101	NA	FALSE	FALSE	
HCM	chr6:69826322-70826322	Suspicious loci	9866	19	4	0.210526315789474	0	0.461665088685371	NA	FALSE	FALSE	
HF	chr1:10236490-11236490	Non-suspicious loci	13221	11	0	0	0	0.60741015395518	NA	FALSE	FALSE	
HF	chr10:103075604-104075604	Suspicious loci	11737	10	6	0.6	1	0.471603052025084	3.51309186273188e-06	FALSE	FALSE	chr10:103611618:A:C
HF	chr10:119165450-120165450	Non-suspicious loci	13585	9	0	0	1	0.307277894692737	0.116555170609351	TRUE	TRUE	chr10:119670121:T:C
HF	chr12:110895984-111895984	Non-suspicious loci	10381	16	0	0	1	0.247103289158052	0.0712455353351122	TRUE	TRUE	chr12:111446804:T:C
HF	chr12:130795306-131795306	NA	15278	0	0	0	0	0.0140475575390792	NA	FALSE	FALSE	
HF	chr16:53269311-54269311	Suspicious loci	12462	101	9	0.0891089108910891	0	0.127188750988474	NA	FALSE	FALSE	
HF	chr16:72491194-73491194	Suspicious loci	14249	19	3	0.157894736842105	0	0.257746656723443	NA	FALSE	FALSE	
HF	chr18:1321016-2321016	Suspicious loci	14237	79	3	0.0379746835443038	0	0.311377988796708	NA	FALSE	FALSE	
HF	chr18:23079666-24079666	NA	11912	34	2	0.0588235294117647	2	0.095698469235166	0.0550831962312508	TRUE	TRUE	chr18:23529305:T:C,chr18:23544981:C:G
HF	chr19:49171626-50171626	Non-suspicious loci	13453	12	0	0	0	0.220239721245916	NA	FALSE	FALSE	
HF	chr2:199806928-200806928	NA	11369	58	2	0.0344827586206897	1	0.0791736082481325	0.0791736082481325	TRUE	TRUE	chr2:200306928:C:T
HF	chr20:48972840-49972840	Non-suspicious loci	12860	2	0	0	0	0.995014621752981	NA	FALSE	FALSE	
HF	chr3:26950659-27950659	Suspicious loci	13356	76	9	0.118421052631579	0	0.172492678138901	NA	FALSE	FALSE	
HF	chr4:110280277-111280277	Suspicious loci	12773	109	12	0.110091743119266	0	0.240593812981016	NA	FALSE	FALSE	
HF	chr4:44673674-45673674	Suspicious loci	15152	8	3	0.375	0	0.398934916215987	NA	FALSE	FALSE	
HF	chr4:65301177-66301177	Suspicious loci	15215	13	12	0.923076923076923	0	0.999972150147024	NA	FALSE	FALSE	
HF	chr6:160089086-161089086	Non-suspicious loci	14538	7	0	0	0	0.422801201927723	NA	FALSE	FALSE	
HF	chr6:36165292-37165292	Suspicious loci	14616	15	3	0.2	0	0.376770251950521	NA	FALSE	FALSE	
HF	chr9:132776354-133776354	Suspicious loci	15473	11	2	0.181818181818182	0	0.255907884027654	NA	FALSE	FALSE	
HF	chr9:21624141-22624141	Suspicious loci	15072	63	1	0.0158730158730159	0	0.106676541069347	NA	FALSE	FALSE	
HF	chr9:94506476-95506476	Non-suspicious loci	12922	0	0	0	0	0.364034479559696	NA	FALSE	FALSE	
IPF	chr10:121592604-122592604	NA	13074	23	0	0	0	0.0619036833232996	NA	FALSE	FALSE	
IPF	chr11:127276-2314549	Non-suspicious loci	29933	1	0	0	0	1	NA	FALSE	FALSE	
IPF	chr15:39928705-40928705	Suspicious loci	10627	9	1	0.111111111111111	0	0.39563547686995	NA	FALSE	FALSE	
IPF	chr16:67395674-68395674	Suspicious loci	8627	21	20	0.952380952380952	2	0.299572996901673	6.1275235637408e-05	TRUE	TRUE	chr16:67826687:C:T,chr16:67832034:T:C
IPF	chr17:44996053-47265770	NA	19431	3495	3062	0.876108726752504	20	0.0120920836758806	0.000556463423903459	TRUE	TRUE	chr17:45429931:C:T,chr17:45593574:A:G,chr17:45845576:T:C,chr17:45845900:G:A,chr17:45846288:G:C,chr17:45846317:A:G,chr17:45846707:T:C,chr17:45846764:G:A,chr17:45846834:C:G,chr17:45983409:C:T,chr17:45983657:G:A,chr17:45983670:T:C,chr17:45983912:C:T,chr17:45990034:T:C,chr17:45999299:A:G,chr17:46031540:A:G,chr17:46039753:A:G,chr17:46171833:T:G,chr17:46548500:A:C,chr17:46704858:A:AGT
IPF	chr20:63123343-64123343	Suspicious loci	13650	19	2	0.105263157894737	0	0.244096895583421	NA	FALSE	FALSE	
IPF	chr3:169278159-170278159	Suspicious loci	11558	45	15	0.333333333333333	3	0.419083537772708	0.00391718162064334	FALSE	TRUE	chr3:169768356:A:G,chr3:169796797:A:T,chr3:169800667:T:C
IPF	chr4:88396296-89396296	Non-suspicious loci	9961	53	0	0	0	0.275382929414893	NA	FALSE	FALSE	
IPF	chr5:0-706721	Suspicious loci	8829	9	8	0.888888888888889	1	0.20381041835412	0.000368333977545329	TRUE	TRUE	chr5:192037:G:A
IPF	chr5:169088475-170088475	Non-suspicious loci	12025	3	0	0	1	0.933072183714331	0.933072183714331	TRUE	TRUE	chr5:169588475:G:A
IPF	chr5:1916505-2916505	NA	15217	2	0	0	0	0.0348405506707305	NA	FALSE	FALSE	
IPF	chr5:779370-1779370	Suspicious loci	14532	9	1	0.111111111111111	0	0.409578340478529	NA	FALSE	FALSE	
IPF	chr6:122876078-123876078	Non-suspicious loci	11866	0	0	0	0	0.1375692421004	NA	FALSE	FALSE	
IPF	chr6:7062999-8062999	Non-suspicious loci	12583	2	0	0	0	0.999999986037366	NA	FALSE	FALSE	
IPF	chr7:128507888-129507888	NA	10900	67	12	0.17910447761194	0	0.0914638953193991	NA	FALSE	FALSE	
IPF	chr7:99520983-100520983	Suspicious loci	8685	18	6	0.333333333333333	0	0.36319239677983	NA	FALSE	FALSE	
POAG	chr1:100135025-101135025	Suspicious loci	10743	133	17	0.12781954887218	1	0.144278908623586	0.000235587203405016	FALSE	TRUE	chr1:100628827:C:G
POAG	chr1:102375460-103375460	Suspicious loci	13955	38	2	0.0526315789473684	0	0.17972115856961	NA	FALSE	FALSE	
POAG	chr1:10693760-11693760	Suspicious loci	12208	27	15	0.555555555555556	1	0.307160926254424	0.307160926254424	TRUE	TRUE	chr1:11193760:C:T
POAG	chr1:165226618-166226618	Suspicious loci	12087	43	8	0.186046511627907	0	0.159981844359753	NA	FALSE	FALSE	
POAG	chr1:169022686-170022686	Non-suspicious loci	11962	0	0	0	0	0.170964640525414	NA	FALSE	FALSE	
POAG	chr1:171136338-172136338	Non-suspicious loci	11934	0	0	0	0	0.999999998622023	NA	FALSE	FALSE	
POAG	chr1:172237579-173237579	Non-suspicious loci	10380	3	0	0	0	0.164224804515432	NA	FALSE	FALSE	
POAG	chr1:91111540-92111540	Non-suspicious loci	11850	14	0	0	0	0.378851997512249	NA	FALSE	FALSE	
POAG	chr10:124105328-125105328	Suspicious loci	12753	12	3	0.25	0	0.490150855784579	NA	FALSE	FALSE	
POAG	chr10:58061727-59061727	Non-suspicious loci	10676	17	0	0	0	0.343849315028936	NA	FALSE	FALSE	
POAG	chr11:119837548-120837548	Suspicious loci	12225	93	14	0.150537634408602	1	0.166125245974598	0.00251340152012618	FALSE	TRUE	chr11:120448355:A:C
POAG	chr11:16487058-17487058	Suspicious loci	10902	13	1	0.0769230769230769	0	0.141965608075139	NA	FALSE	FALSE	
POAG	chr11:46372218-47929966	NA	14173	45	11	0.244444444444444	0	0.0980434529994974	NA	FALSE	FALSE	
POAG	chr11:57155895-58155895	NA	10128	99	10	0.101010101010101	0	0.0956083360678618	NA	FALSE	FALSE	
POAG	chr11:58166759-59166759	NA	12219	155	11	0.0709677419354839	1	0.0463284764185527	0.0155440181363368	TRUE	TRUE	chr11:58624028:G:A
POAG	chr11:86143939-87143939	NA	12780	55	10	0.181818181818182	0	0.0859828049579867	NA	FALSE	FALSE	
POAG	chr12:83144763-84144763	NA	13193	289	35	0.121107266435986	0	0.0195838876831322	NA	FALSE	FALSE	
POAG	chr13:21594919-22594919	Non-suspicious loci	12290	22	0	0	0	0.178276345221976	NA	FALSE	FALSE	
POAG	chr13:75185879-76185879	Suspicious loci	12451	37	11	0.297297297297297	0	0.135713267749944	NA	FALSE	FALSE	
POAG	chr14:52420118-54022729	Non-suspicious loci	18471	2	0	0	0	0.679084075740696	NA	FALSE	FALSE	
POAG	chr14:60009819-61009819	Suspicious loci	10475	142	9	0.0633802816901408	2	0.566303157573675	0.566303157573675	TRUE	TRUE	chr14:60437039:G:A,chr14:60509819:C:A
POAG	chr14:74118126-75118126	Suspicious loci	10902	50	1	0.02	0	0.214056243705236	NA	FALSE	FALSE	
POAG	chr14:94991357-95991357	Suspicious loci	13292	4	1	0.25	0	0.945549123059668	NA	FALSE	FALSE	
POAG	chr15:56042347-57618019	NA	18308	285	39	0.136842105263158	0	0.0360069862856554	NA	FALSE	FALSE	
POAG	chr15:73431069-74431069	Suspicious loci	10502	12	5	0.416666666666667	1	0.997045227580465	0.00289751498229744	FALSE	FALSE	chr15:73927241:G:A
POAG	chr17:1716524-2716524	NA	12487	286	39	0.136363636363636	1	0.0542185474337689	1.12840537234822e-05	FALSE	FALSE	chr17:2188471:C:T
POAG	chr17:60403795-61403795	NA	9200	303	26	0.0858085808580858	0	0.0401626354691081	NA	FALSE	FALSE	
POAG	chr17:9627866-10627866	Suspicious loci	12342	10	1	0.1	0	0.996949904008818	NA	FALSE	FALSE	
POAG	chr2:151990331-152990331	Suspicious loci	11429	22	1	0.0454545454545455	0	0.284437290550588	NA	FALSE	FALSE	
POAG	chr2:212392900-213392900	Suspicious loci	11664	28	2	0.0714285714285714	0	0.144375231197027	NA	FALSE	FALSE	
POAG	chr2:216090253-217090253	Suspicious loci	12103	6	1	0.166666666666667	0	0.319091695608271	NA	FALSE	FALSE	
POAG	chr2:55206533-56206533	Suspicious loci	12738	22	5	0.227272727272727	0	0.258106895003098	NA	FALSE	FALSE	
POAG	chr2:65855853-66855853	Suspicious loci	11395	91	8	0.0879120879120879	0	0.418451882905339	NA	FALSE	FALSE	
POAG	chr20:6025628-7025628	Suspicious loci	11781	96	5	0.0520833333333333	1	0.176957893182652	0.0418935244977001	TRUE	TRUE	chr20:6527191:G:C
POAG	chr22:27688929-29724187	Suspicious loci	21861	34	4	0.117647058823529	0	0.383026760312204	NA	FALSE	FALSE	
POAG	chr22:37354686-38354686	Suspicious loci	12129	88	19	0.215909090909091	0	0.161315340163209	NA	FALSE	FALSE	
POAG	chr3:124087660-125087660	NA	11711	84	9	0.107142857142857	0	0.0629593728873017	NA	FALSE	FALSE	
POAG	chr3:171602421-172602421	Suspicious loci	11053	53	10	0.188679245283019	0	0.123136407922747	NA	FALSE	FALSE	
POAG	chr3:185913811-186913811	Suspicious loci	11338	4	1	0.25	0	0.824505162599437	NA	FALSE	FALSE	
POAG	chr3:187849165-188849165	Suspicious loci	11340	18	4	0.222222222222222	0	0.457776705933141	NA	FALSE	FALSE	
POAG	chr3:42253558-43253558	NA	11755	44	4	0.0909090909090909	1	0.0955616608515116	0.0162928770074214	TRUE	TRUE	chr3:42758273:G:A
POAG	chr3:84591035-85591035	NA	12291	82	1	0.0121951219512195	0	0.0782028630002325	NA	FALSE	FALSE	
POAG	chr4:110539218-111539218	Non-suspicious loci	10815	1	0	0	0	0.994311670883403	NA	FALSE	FALSE	
POAG	chr4:127049411-128049411	NA	10636	377	184	0.488063660477454	5	0.0553356266635398	1.86974873652928e-05	FALSE	FALSE	chr4:127706945:A:C,chr4:127921606:G:A,chr4:128028644:C:T,chr4:128028695:A:G,chr4:128028774:C:A
POAG	chr4:7416866-8416866	Suspicious loci	17099	64	7	0.109375	0	0.335272029000045	NA	FALSE	FALSE	
POAG	chr5:55979729-56979729	Suspicious loci	12467	38	3	0.0789473684210526	0	0.401281826599481	NA	FALSE	FALSE	
POAG	chr6:133558731-134558731	Non-suspicious loci	11058	2	0	0	0	0.461345634988207	NA	FALSE	FALSE	
POAG	chr6:135643397-136643397	Suspicious loci	10081	75	6	0.08	0	0.119602917397889	NA	FALSE	FALSE	
POAG	chr6:137465-2564030	Non-suspicious loci	30253	11	0	0	0	0.803061900388277	NA	FALSE	FALSE	
POAG	chr6:36103927-37103927	NA	12564	110	20	0.181818181818182	0	0.0592809341525929	NA	FALSE	FALSE	
POAG	chr6:51113025-52113025	NA	11329	21	4	0.19047619047619	0	0.0897017619751576	NA	FALSE	FALSE	
POAG	chr7:11139804-12139804	Suspicious loci	14877	29	4	0.137931034482759	0	0.139993304619684	NA	FALSE	FALSE	
POAG	chr7:115671382-116671382	NA	10844	47	3	0.0638297872340426	0	0.0968907978431718	NA	FALSE	FALSE	
POAG	chr7:117470714-118470714	Suspicious loci	10176	30	18	0.6	0	0.301116848576475	NA	FALSE	FALSE	
POAG	chr8:106996243-107996243	Suspicious loci	12340	17	1	0.0588235294117647	0	0.288169368323664	NA	FALSE	FALSE	
POAG	chr8:123103913-124103913	Suspicious loci	10975	88	6	0.0681818181818182	0	0.106470060835099	NA	FALSE	FALSE	
POAG	chr8:30155454-31155454	Suspicious loci	11436	32	3	0.09375	0	0.112715671032932	NA	FALSE	FALSE	
POAG	chr9:104433567-105433567	Suspicious loci	13406	6	1	0.166666666666667	0	0.623327278709018	NA	FALSE	FALSE	
POAG	chr9:126113059-127113059	Suspicious loci	11373	13	3	0.230769230769231	1	0.359646267429274	0.169644958291624	TRUE	TRUE	chr9:126615576:G:C
POAG	chr9:132753171-133753171	Suspicious loci	13928	39	8	0.205128205128205	4	0.128280831413382	0.0775845906055116	TRUE	TRUE	chr9:133255928:C:G,chr9:133255935:G:T,chr9:133256028:C:T,chr9:133256205:G:C
POAG	chr9:21552735-22552735	Suspicious loci	13258	58	11	0.189655172413793	1	0.322328919059327	3.41539636797508e-19	FALSE	FALSE	chr9:22065658:G:C
Stroke	chr10:103349066-104349066	Suspicious loci	11146	37	4	0.108108108108108	0	0.159486194953531	NA	FALSE	FALSE	
Stroke	chr12:110644803-112992671	Suspicious loci	22558	22	6	0.272727272727273	1	0.300544490686006	0.300544490686006	TRUE	TRUE	chr12:111803962:G:A
Stroke	chr12:19924871-20924871	Suspicious loci	14068	9	1	0.111111111111111	0	0.633933000277397	NA	FALSE	FALSE	
Stroke	chr12:89187411-90187411	Non-suspicious loci	9979	16	0	0	0	0.125149389803156	NA	FALSE	FALSE	
Stroke	chr13:109801890-110801890	Non-suspicious loci	15180	7	0	0	0	0.666216871361739	NA	FALSE	FALSE	
Stroke	chr15:36990789-37990789	NA	12771	36	3	0.0833333333333333	0	0.0360030163130589	NA	FALSE	FALSE	
Stroke	chr19:10293296-11293296	Non-suspicious loci	13610	16	0	0	0	0.182376543398808	NA	FALSE	FALSE	
Stroke	chr2:26188877-27188877	Suspicious loci	11328	24	3	0.125	0	0.137748809390255	NA	FALSE	FALSE	
Stroke	chr4:65301177-66301177	Suspicious loci	14444	13	12	0.923076923076923	0	0.999695646082114	NA	FALSE	FALSE	
Stroke	chr4:79761400-80761400	Suspicious loci	11572	13	1	0.0769230769230769	0	0.600870478465143	NA	FALSE	FALSE	
Stroke	chr6:48992265-49992265	Suspicious loci	13227	63	12	0.19047619047619	2	0.242254491842255	0.242254491842255	TRUE	TRUE	chr6:49435569:T:C,chr6:49492265:A:G
Stroke	chr7:41066524-42066524	Suspicious loci	12558	152	151	0.993421052631579	0	0.999850812953878	NA	FALSE	FALSE	
Stroke	chr9:21624505-22624505	Non-suspicious loci	14579	63	0	0	0	0.467889553419489	NA	FALSE	FALSE	
ThC	chr1:218008629-219008629	Suspicious loci	11669	16	3	0.1875	0	0.386721023659445	NA	FALSE	FALSE	
ThC	chr1:232776358-233776358	Suspicious loci	12279	16	10	0.625	0	0.380189703777741	NA	FALSE	FALSE	
ThC	chr1:242795620-243795620	Suspicious loci	9804	39	1	0.0256410256410256	0	0.262269880478814	NA	FALSE	FALSE	
ThC	chr10:103416707-104416707	Suspicious loci	10529	29	2	0.0689655172413793	2	0.4218142975969	0.000502881512683449	FALSE	FALSE	chr10:103897558:G:C,chr10:103900068:T:C
ThC	chr11:130568024-131568024	NA	12792	2	0	0	0	0.0222775269127727	NA	FALSE	FALSE	
ThC	chr12:65139270-66139270	Non-suspicious loci	9840	11	0	0	0	0.915732581051504	NA	FALSE	FALSE	
ThC	chr13:100054646-101054646	NA	11162	28	7	0.25	0	0.00516533253475664	NA	FALSE	FALSE	
ThC	chr14:35769155-36769155	Suspicious loci	10696	2	1	0.5	0	0.307461181406081	NA	FALSE	FALSE	
ThC	chr14:54209452-55209452	Non-suspicious loci	11250	3	0	0	0	0.992134830591052	NA	FALSE	FALSE	
ThC	chr15:66649412-67649412	Suspicious loci	11127	10	1	0.1	0	0.312493470342986	NA	FALSE	FALSE	
ThC	chr16:79216078-80216078	Suspicious loci	17826	94	16	0.170212765957447	0	0.21810231030875	NA	FALSE	FALSE	
ThC	chr19:21636490-22636490	Suspicious loci	14454	220	23	0.104545454545455	2	0.104369642543908	0.00457730659883268	TRUE	TRUE	chr19:22193066:C:T,chr19:22244534:A:G
ThC	chr19:6718007-7718007	Non-suspicious loci	13866	3	0	0	0	0.290460125969368	NA	FALSE	FALSE	
ThC	chr2:216931785-217931785	Suspicious loci	11976	66	11	0.166666666666667	0	0.512163083056834	NA	FALSE	FALSE	
ThC	chr22:27952803-29520414	Non-suspicious loci	16490	9	0	0	1	0.395074504406033	0.132071994894615	TRUE	TRUE	chr22:28725099:A:G
ThC	chr3:168459779-170274228	Suspicious loci	19859	20	1	0.05	0	0.34814864481243	NA	FALSE	FALSE	
ThC	chr5:111650207-112650207	Suspicious loci	13878	72	6	0.0833333333333333	0	0.190701693106369	NA	FALSE	FALSE	
ThC	chr5:16455402-17455402	NA	13284	38	2	0.0526315789473684	0	0.0399835043447798	NA	FALSE	FALSE	
ThC	chr5:780013-1780013	Non-suspicious loci	14890	7	0	0	0	0.774687120437666	NA	FALSE	FALSE	
ThC	chr6:43429990-44429990	Non-suspicious loci	11416	19	0	0	0	0.140937151498192	NA	FALSE	FALSE	
ThC	chr7:146160507-147160507	NA	12981	26	7	0.269230769230769	0	0.00404027143751021	NA	FALSE	FALSE	
ThC	chr7:70662627-71662627	Non-suspicious loci	13033	1	0	0	0	0.590737148044251	NA	FALSE	FALSE	
ThC	chr8:132369226-133369226	Suspicious loci	11479	6	2	0.333333333333333	1	0.361659894542768	0.343372623649206	TRUE	TRUE	chr8:132871426:C:T
ThC	chr8:32047111-33047111	NA	11481	45	4	0.0888888888888889	0	0.0909266843595254	NA	FALSE	FALSE	
ThC	chr8:8543712-9543712	Suspicious loci	16467	47	6	0.127659574468085	0	0.159803312789763	NA	FALSE	FALSE	
ThC	chr9:18553919-19553919	Suspicious loci	14425	77	8	0.103896103896104	0	0.169653950070948	NA	FALSE	FALSE	
ThC	chr9:97285345-98285345	Suspicious loci	10643	37	17	0.45945945945946	0	0.397297243553833	NA	FALSE	FALSE	
UtC	chr12:77473949-78473949	Suspicious loci	9527	52	1	0.0192307692307692	0	0.298694153879988	NA	FALSE	FALSE	
UtC	chr15:50723858-51723858	Suspicious loci	7971	2	1	0.5	0	0.353244366714256	NA	FALSE	FALSE	
UtC	chr17:37243158-38243158	Suspicious loci	5382	10	1	0.1	0	0.485042834316298	NA	FALSE	FALSE	
UtC	chr2:45555733-46555733	NA	10451	3	0	0	0	0.0337803021893751	NA	FALSE	FALSE	
UtC	chr2:47252789-48252789	NA	10407	0	0	0	0	0.0298330090133686	NA	FALSE	FALSE	
UtC	chr2:49764998-50764998	NA	10174	0	0	0	0	0.0124808117282902	NA	FALSE	FALSE	
UtC	chr2:52677577-53677577	NA	12051	0	0	0	0	0.013766662078959	NA	FALSE	FALSE	
UtC	chr3:168418428-169418428	Non-suspicious loci	8240	15	0	0	0	0.246345117784827	NA	FALSE	FALSE	
UtC	chr6:21148854-22148854	Non-suspicious loci	9284	2	0	0	0	0.853893826098318	NA	FALSE	FALSE	
UtC	chr7:4847570-5847570	Non-suspicious loci	13132	0	0	0	0	0.175170848051971	NA	FALSE	FALSE	
UtC	chr7:6167111-7167111	NA	12335	0	0	0	0	0.0217331762639143	NA	FALSE	FALSE	
VTE	chr1:12063482-13063482	Non-suspicious loci	9647	1	0	0	0	0.96925075709199	NA	FALSE	FALSE	
VTE	chr1:167058814-171297481	Suspicious loci	50563	8	7	0.875	1	1	1	TRUE	TRUE	chr1:169549811:C:T
VTE	chr1:206611682-207611682	Non-suspicious loci	10190	4	0	0	0	0.630528301781286	NA	FALSE	FALSE	
VTE	chr10:118750744-119750744	Non-suspicious loci	12304	1	0	0	0	0.999999973728642	NA	FALSE	FALSE	
VTE	chr10:68985520-69985520	Suspicious loci	13583	19	1	0.0526315789473684	0	0.726081181959367	NA	FALSE	FALSE	
VTE	chr11:100137868-101137868	NA	12819	78	3	0.0384615384615385	0	0.0877676921000347	NA	FALSE	FALSE	
VTE	chr11:45161373-50875162	Suspicious loci	62172	14	3	0.214285714285714	0	0.994911835942309	NA	FALSE	FALSE	
VTE	chr11:54043168-57603433	Non-suspicious loci	44604	0	0	0	0	0.470183093469911	NA	FALSE	FALSE	
VTE	chr11:58025260-59025260	Suspicious loci	11702	7	5	0.714285714285714	0	0.434920450096243	NA	FALSE	FALSE	
VTE	chr11:61301834-62301834	NA	10759	64	5	0.078125	0	0.0930086824515403	NA	FALSE	FALSE	
VTE	chr12:103242510-104901589	Suspicious loci	19552	14	10	0.714285714285714	1	0.931621946499261	0.931621946499261	TRUE	TRUE	chr12:103742510:C:T
VTE	chr12:110777393-111777393	Non-suspicious loci	9541	2	0	0	0	0.711928976959888	NA	FALSE	FALSE	
VTE	chr12:127002539-128002539	Non-suspicious loci	13272	4	0	0	0	0.271559527373343	NA	FALSE	FALSE	
VTE	chr12:5534818-6534818	Non-suspicious loci	12578	29	0	0	1	0.164881612483654	0.164881612483654	TRUE	TRUE	chr12:6034818:T:C
VTE	chr13:112617925-113617925	Suspicious loci	14278	8	1	0.125	1	0.474367410932556	0.258807438926141	TRUE	TRUE	chr13:113140972:G:A
VTE	chr14:91324337-92324337	Suspicious loci	11936	76	14	0.184210526315789	0	0.248009824802785	NA	FALSE	FALSE	
VTE	chr16:81329354-82329354	Suspicious loci	17765	20	1	0.05	0	0.406824438438476	NA	FALSE	FALSE	
VTE	chr17:1563163-2563163	Non-suspicious loci	12552	23	0	0	0	0.741300426924769	NA	FALSE	FALSE	
VTE	chr17:48039858-49039858	Non-suspicious loci	9823	0	0	0	0	0.462976955479394	NA	FALSE	FALSE	
VTE	chr19:10132450-11132450	Suspicious loci	12346	35	1	0.0285714285714286	1	0.142668787249977	0.0153588603561991	TRUE	TRUE	chr19:10631494:A:G
VTE	chr19:48214803-49214803	Suspicious loci	13096	68	1	0.0147058823529412	4	0.128958029671992	0.128958029671992	TRUE	TRUE	chr19:48703417:G:A,chr19:48703728:G:A,chr19:48714803:C:T,chr19:48728969:G:A
VTE	chr2:126918464-127918464	Non-suspicious loci	12675	32	0	0	2	0.317853518056155	0.317853518056155	TRUE	TRUE	chr2:127418299:G:A,chr2:127418464:A:T
VTE	chr2:223515781-224515781	Non-suspicious loci	12081	2	0	0	0	0.784805570638099	NA	FALSE	FALSE	
VTE	chr2:67890043-68890043	Suspicious loci	12063	46	3	0.0652173913043478	1	0.322841312975435	0.0213882598627216	TRUE	TRUE	chr2:68395782:G:A
VTE	chr20:22713281-23713281	Non-suspicious loci	13387	10	0	0	0	0.457564968922616	NA	FALSE	FALSE	
VTE	chr20:34136370-36472687	Suspicious loci	21161	10	7	0.7	0	0.99565828830303	NA	FALSE	FALSE	
VTE	chr3:89628763-90628763	Non-suspicious loci	10589	0	0	0	0	0.336764238118856	NA	FALSE	FALSE	
VTE	chr3:93368695-94974771	Non-suspicious loci	13608	0	0	0	0	0.273875307997321	NA	FALSE	FALSE	
VTE	chr4:153040161-154040161	Suspicious loci	11820	12	3	0.25	0	0.83747057260391	NA	FALSE	FALSE	
VTE	chr4:154104124-155104124	Suspicious loci	11181	18	2	0.111111111111111	1	0.566986935965149	1.93685643181718e-07	FALSE	FALSE	chr4:154586438:T:C
VTE	chr4:185785095-186785095	Suspicious loci	13901	10	2	0.2	0	0.925079413269234	NA	FALSE	FALSE	
VTE	chr7:27719614-28719614	Suspicious loci	12151	17	3	0.176470588235294	0	0.745462285147313	NA	FALSE	FALSE	
VTE	chr8:105069300-106069300	Non-suspicious loci	10872	16	0	0	0	0.237360035011612	NA	FALSE	FALSE	
VTE	chr8:27463275-28463275	Suspicious loci	12457	14	2	0.142857142857143	0	0.302579174279786	NA	FALSE	FALSE	
VTE	chr9:132773813-133773813	Suspicious loci	13894	18	3	0.166666666666667	1	0.858363537771737	1.39499471902254e-26	FALSE	FALSE	chr9:133257521:T:TC
VTE	chrX:139051121-140051121	Non-suspicious loci	5627	11	0	0	1	0.507077901331656	0.507077901331656	TRUE	TRUE	chrX:139551121:A:G
VTE	chrX:154551368-156040895	Suspicious loci	3586	35	1	0.0285714285714286	1	0.149728063051538	0.000817475553780373	FALSE	TRUE	chrX:154930010:G:C
VTE	chrX:39349470-40349470	Non-suspicious loci	5709	8	0	0	0	0.638265254799446	NA	FALSE	FALSE	
